Guid,Name,Type,ParentId,BillingStreet,BillingCity,BillingState,BillingPostalCode,BillingCountry,BillingLatitude,BillingLongitude,BillingGeocodeAccuracy,ShippingStreet,ShippingCity,ShippingState,ShippingPostalCode,ShippingCountry,ShippingLatitude,ShippingLongitude,ShippingGeocodeAccuracy,Phone,Fax,AccountNumber,Website,Industry,AnnualRevenue,NumberOfEmployees,Description,Site,Jigsaw,AccountSource,SicDesc,test1__c,SBQQ__AssetQuantitiesCombined__c,SBQQ__CoTermedContractsCombined__c,SBQQ__CoTerminationEvent__c,SBQQ__ContractCoTermination__c,SBQQ__DefaultOpportunity__c,SBQQ__IgnoreParentContractedPrices__c,SBQQ__PreserveBundle__c,SBQQ__PriceHoldEnd__c,SBQQ__RenewalModel__c,SBQQ__RenewalPricingMethod__c,SBQQ__TaxExempt__c,Test_Field__c,test__c,pick1__c,pickmulti__c
116988a4-47ce-4813-bfce-3fa10491fb64,tTSgkSmP,Analyst,#N/A,63176 Miguel Bypass,North Classie,North Dakota,61124,New Caledonia,62.19626566,-31.68952112,#N/A,3457 Seth Roads,Kingmouth,South Carolina,5910,Greece,-53.06423888,-1.69686857,#N/A,#N/A,#N/A,#N/A,https://gfoemnqomyexepvlbqgphxuqqklauxqtghpimvpdao,Agriculture,0.0,#N/A,#N/A,#N/A,#N/A,#N/A,#N/A,#N/A,false,false,#N/A,Never,#N/A,false,true,#N/A,#N/A,Same,No,#N/A,#N/A,#N/A,#N/A
33d8551f-d81e-4ea7-aa10-4cf10584b727,Testing Athena,#N/A,#N/A,#N/A,#N/A,#N/A,#N/A,#N/A,#N/A,#N/A,#N/A,#N/A,#N/A,#N/A,#N/A,#N/A,#N/A,#N/A,#N/A,#N/A,#N/A,#N/A,#N/A,#N/A,#N/A,#N/A,#N/A,#N/A,#N/A,#N/A,#N/A,#N/A,false,false,#N/A,Never,#N/A,false,true,#N/A,#N/A,Same,No,#N/A,#N/A,#N/A,#N/A
356546f9-3488-4b7b-8f7d-5d804d44ae6c,Sample Account for Entitlements,#N/A,#N/A,#N/A,#N/A,#N/A,#N/A,#N/A,#N/A,#N/A,#N/A,#N/A,#N/A,#N/A,#N/A,#N/A,#N/A,#N/A,#N/A,#N/A,#N/A,#N/A,#N/A,#N/A,#N/A,#N/A,#N/A,#N/A,#N/A,#N/A,#N/A,#N/A,false,false,#N/A,#N/A,#N/A,false,true,#N/A,Contract Based,#N/A,#N/A,#N/A,#N/A,#N/A,#N/A
35d22965-c1c2-488c-bf03-66e159ae9887,CompanyX,#N/A,#N/A,#N/A,#N/A,#N/A,#N/A,#N/A,#N/A,#N/A,#N/A,#N/A,#N/A,#N/A,#N/A,#N/A,#N/A,#N/A,#N/A,353465768,#N/A,#N/A,#N/A,#N/A,#N/A,879,#N/A,#N/A,#N/A,#N/A,#N/A,#N/A,false,false,#N/A,#N/A,#N/A,false,true,#N/A,Contract Based,#N/A,#N/A,#N/A,#N/A,#N/A,#N/A
3d3c653d-5172-42d4-bdca-6f72feffb81a,TEST ATHENA 12,#N/A,#N/A,#N/A,#N/A,#N/A,#N/A,#N/A,#N/A,#N/A,#N/A,#N/A,#N/A,#N/A,#N/A,#N/A,#N/A,#N/A,#N/A,#N/A,#N/A,#N/A,#N/A,#N/A,#N/A,#N/A,#N/A,#N/A,#N/A,#N/A,#N/A,#N/A,false,false,#N/A,Never,#N/A,false,true,#N/A,#N/A,Same,No,#N/A,#N/A,#N/A,#N/A
42f19bed-e72e-4f16-905a-bfdcc7592509,company,#N/A,#N/A,#N/A,#N/A,#N/A,#N/A,#N/A,#N/A,#N/A,#N/A,#N/A,#N/A,#N/A,#N/A,#N/A,#N/A,#N/A,#N/A,1234567,#N/A,#N/A,#N/A,#N/A,#N/A,#N/A,#N/A,#N/A,#N/A,#N/A,#N/A,#N/A,false,false,#N/A,#N/A,#N/A,false,true,#N/A,Contract Based,#N/A,#N/A,#N/A,#N/A,#N/A,#N/A
434f8a8e-02e0-4a86-bc74-fa83555a29dc,Global Media,Prospect,#N/A,150 Chestnut Street,Toronto,Ontario,L4B 1Y3,Canada,#N/A,#N/A,#N/A,150 Chestnut Street,Toronto,Ontario,L4B 1Y3,Canada,#N/A,#N/A,#N/A,(905) 555-1212,#N/A,#N/A,#N/A,Media,#N/A,14668,"GBM is the worldwide leader in technology news and information on the Web and the producer of the longest-running and farthest-reaching television shows about technology. GBM's network of sites combines breakthrough interactive technology with engaging content and design and is consistently ranked as the Internet's leading content network in terms of both audience size and revenue, serving millions of users each day. The company's television programming is broadcast by the USA Network and the Sci-Fi Channel to more than 70 million households and is syndicated to broadcast television stations in the nation's top 120 markets, including the top 10 markets.",#N/A,#N/A,#N/A,#N/A,#N/A,false,false,#N/A,#N/A,#N/A,false,true,#N/A,Contract Based,#N/A,#N/A,#N/A,#N/A,#N/A,#N/A
4971d6e9-90f1-43a1-8947-b7f3a2ad751e,acc dely22222,#N/A,#N/A,#N/A,#N/A,#N/A,#N/A,#N/A,#N/A,#N/A,#N/A,#N/A,#N/A,#N/A,#N/A,#N/A,#N/A,#N/A,#N/A,#N/A,#N/A,#N/A,#N/A,#N/A,#N/A,#N/A,#N/A,#N/A,#N/A,#N/A,#N/A,#N/A,false,false,#N/A,Never,#N/A,false,true,#N/A,#N/A,Same,No,#N/A,#N/A,#N/A,#N/A
82855102-855a-4bd2-a1c3-7f6361ee96e3,Acme,Prospect,#N/A,10 Main Rd.,New York,NY,31349,USA,#N/A,#N/A,#N/A,10 Main Rd.,New York,NY,31349,USA,#N/A,#N/A,#N/A,(212) 555-5555,(212) 555-5555,#N/A,#N/A,Manufacturing,1.0E8,680,#N/A,#N/A,#N/A,#N/A,#N/A,#N/A,false,false,#N/A,#N/A,#N/A,false,true,#N/A,Contract Based,#N/A,#N/A,#N/A,#N/A,#N/A,#N/A
8e6561af-778a-4dcc-8b89-ee5ed18041c7,Sample Account for Entitlements,#N/A,#N/A,#N/A,#N/A,#N/A,#N/A,#N/A,#N/A,#N/A,#N/A,#N/A,#N/A,#N/A,#N/A,#N/A,#N/A,#N/A,#N/A,#N/A,#N/A,#N/A,#N/A,#N/A,#N/A,#N/A,#N/A,#N/A,#N/A,#N/A,#N/A,#N/A,false,false,#N/A,#N/A,#N/A,false,true,#N/A,Contract Based,#N/A,#N/A,#N/A,#N/A,#N/A,#N/A
9a4dd90a-22e3-4b37-98bc-fc80b070948d,CompanyX,#N/A,#N/A,#N/A,#N/A,#N/A,#N/A,#N/A,#N/A,#N/A,#N/A,#N/A,#N/A,#N/A,#N/A,#N/A,#N/A,#N/A,#N/A,353465768,#N/A,#N/A,#N/A,#N/A,#N/A,879,#N/A,#N/A,#N/A,#N/A,#N/A,#N/A,false,false,#N/A,#N/A,#N/A,false,true,#N/A,Contract Based,#N/A,#N/A,#N/A,#N/A,#N/A,#N/A
a2b36915-4b8e-42f2-9850-3399d9b39b08,Asnaf Test Of Athena,#N/A,#N/A,#N/A,#N/A,#N/A,#N/A,#N/A,#N/A,#N/A,#N/A,#N/A,#N/A,#N/A,#N/A,#N/A,#N/A,#N/A,#N/A,#N/A,#N/A,#N/A,#N/A,#N/A,#N/A,#N/A,#N/A,#N/A,#N/A,#N/A,#N/A,#N/A,false,false,#N/A,Never,#N/A,false,true,#N/A,#N/A,Same,No,#N/A,#N/A,#N/A,#N/A
d1b05553-9de9-4a82-b284-590acab069e0,acc dely22222,#N/A,#N/A,#N/A,#N/A,#N/A,#N/A,#N/A,#N/A,#N/A,#N/A,#N/A,#N/A,#N/A,#N/A,#N/A,#N/A,#N/A,#N/A,#N/A,#N/A,#N/A,#N/A,#N/A,#N/A,#N/A,#N/A,#N/A,#N/A,#N/A,#N/A,#N/A,false,false,#N/A,Never,#N/A,false,true,#N/A,#N/A,Same,No,#N/A,#N/A,#N/A,#N/A
d3519cb2-0f1f-4bc4-8d4f-4e5f571877fc,attachment,#N/A,#N/A,#N/A,#N/A,#N/A,#N/A,#N/A,#N/A,#N/A,#N/A,#N/A,#N/A,#N/A,#N/A,#N/A,#N/A,#N/A,#N/A,#N/A,#N/A,#N/A,#N/A,#N/A,#N/A,#N/A,#N/A,#N/A,#N/A,#N/A,#N/A,#N/A,false,false,#N/A,Never,#N/A,false,true,#N/A,#N/A,Same,No,#N/A,#N/A,#N/A,#N/A
d4632b91-a801-4d90-89e4-529109046d33,new test athesda,#N/A,#N/A,#N/A,#N/A,#N/A,#N/A,#N/A,#N/A,#N/A,#N/A,#N/A,#N/A,#N/A,#N/A,#N/A,#N/A,#N/A,#N/A,#N/A,#N/A,#N/A,#N/A,#N/A,#N/A,#N/A,#N/A,#N/A,#N/A,#N/A,#N/A,#N/A,false,false,#N/A,Never,#N/A,false,true,#N/A,#N/A,Same,No,#N/A,#N/A,#N/A,#N/A
e30924fe-09f1-4a5e-9a37-f3f46b47acc4,Sample Account for Entitlements,#N/A,#N/A,#N/A,#N/A,#N/A,#N/A,#N/A,#N/A,#N/A,#N/A,#N/A,#N/A,#N/A,#N/A,#N/A,#N/A,#N/A,#N/A,#N/A,#N/A,#N/A,#N/A,#N/A,#N/A,#N/A,#N/A,#N/A,#N/A,#N/A,#N/A,#N/A,false,false,#N/A,#N/A,#N/A,false,true,#N/A,Contract Based,#N/A,#N/A,#N/A,#N/A,#N/A,#N/A
e4a3c3e2-d432-4ea1-8c85-60574f9cde43,company,#N/A,#N/A,#N/A,#N/A,#N/A,#N/A,#N/A,#N/A,#N/A,#N/A,#N/A,#N/A,#N/A,#N/A,#N/A,#N/A,#N/A,#N/A,1234567,#N/A,#N/A,#N/A,#N/A,#N/A,#N/A,#N/A,#N/A,#N/A,#N/A,#N/A,#N/A,false,false,#N/A,#N/A,#N/A,false,true,#N/A,Contract Based,#N/A,#N/A,#N/A,#N/A,#N/A,#N/A
f9fc7f5b-5285-432f-8a70-793af945dfe9,NEW ATHENA SKIP,#N/A,#N/A,#N/A,#N/A,#N/A,#N/A,#N/A,#N/A,#N/A,#N/A,#N/A,#N/A,#N/A,#N/A,#N/A,#N/A,#N/A,#N/A,#N/A,#N/A,#N/A,#N/A,#N/A,#N/A,#N/A,#N/A,#N/A,#N/A,#N/A,#N/A,#N/A,false,false,#N/A,Never,#N/A,false,true,#N/A,#N/A,Same,No,#N/A,#N/A,#N/A,#N/A
